<?xml version="1.0" encoding="UTF-8"?>
<project-private xmlns="http://www.netbeans.org/ns/project-private/1">
    <editor-bookmarks xmlns="http://www.netbeans.org/ns/editor-bookmarks/2" lastBookmarkId="0"/>
    <open-files xmlns="http://www.netbeans.org/ns/projectui-open-files/2">
        <group>
            <file>file:/var/www/html/blog/module/Application/view/application/blog/index.phtml</file>
            <file>file:/var/www/html/blog/module/Application/view/application/index/index.phtml</file>
            <file>file:/var/www/html/blog/public/index.php</file>
            <file>file:/var/www/html/blog/module/Application/src/Controller/BlogController.php</file>
            <file>file:/var/www/html/blog/public/js/blog.js</file>
            <file>file:/var/www/html/blog/vendor/blog/Blog/Form/Article.php</file>
            <file>file:/var/www/html/blog/public/css/style.css</file>
            <file>file:/var/www/html/blog/module/Application/config/module.config.php</file>
            <file>file:/var/www/html/blog/module/Application/view/application/blog/blogform.phtml</file>
            <file>file:/var/www/html/blog/composer.json</file>
            <file>file:/var/www/html/blog/module/Application/src/Controller/UserController.php</file>
            <file>file:/var/www/html/blog/module/Application/view/layout/layout.phtml</file>
            <file>file:/var/www/html/blog/module/Application/src/Controller/IndexController.php</file>
            <file>file:/var/www/html/blog/vendor/org/Org/Db/MySqlDao.php</file>
            <file>file:/var/www/html/blog/module/Application/src/Controller/ArticleController.php</file>
            <file>file:/var/www/html/blog/vendor/blog/Blog/Form/Blog.php</file>
        </group>
    </open-files>
</project-private>
