<?xml version="1.0" encoding="UTF-8"?>
<project-private xmlns="http://www.netbeans.org/ns/project-private/1">
    <editor-bookmarks xmlns="http://www.netbeans.org/ns/editor-bookmarks/2" lastBookmarkId="0"/>
    <open-files xmlns="http://www.netbeans.org/ns/projectui-open-files/2">
        <group>
            <file>file:/var/www/html/blog/module/Application/view/application/blog/index.phtml</file>
            <file>file:/var/www/html/blog/module/Application/view/application/index/index.phtml</file>
            <file>file:/var/www/html/blog/module/Application/view/application/user/register.phtml</file>
            <file>file:/var/www/html/blog/public/index.php</file>
            <file>file:/var/www/html/blog/module/Application/view/application/article/blogpostform.phtml</file>
            <file>file:/var/www/html/blog/module/Application/src/Controller/BlogController.php</file>
            <file>file:/var/www/html/blog/vendor/blog/Blog/Form/ArticleInputFilter.php</file>
            <file>file:/var/www/html/blog/config/config.xml</file>
            <file>file:/var/www/html/blog/vendor/blog/Blog/Form/Article.php</file>
            <file>file:/var/www/html/blog/module/Application/view/application/article/view.phtml</file>
            <file>file:/var/www/html/blog/public/css/style.css</file>
            <file>file:/var/www/html/blog/module/Application/config/module.config.php</file>
            <file>file:/var/www/html/blog/module/Application/src/Controller/UserController.php</file>
            <file>file:/var/www/html/blog/module/Application/src/Controller/IndexController.php</file>
            <file>file:/var/www/html/blog/module/Application/src/Controller/ArticleController.php</file>
            <file>file:/var/www/html/blog/public/js/article.js</file>
            <file>file:/var/www/html/blog/public/js/register.js</file>
            <file>file:/var/www/html/blog/module/Application/view/application/article/index.phtml</file>
        </group>
    </open-files>
</project-private>
